Date,Cups_Count,MA_7,MA_30,day_of_week,month,is_weekend,lag_1,lag_7,rolling_mean_7,rolling_std_7,cups_transformed,seasonal_diff
2024-03-02,6.0,,,5,3,1,11.0,,,,3.268870245464171,
2024-03-03,9.0,,,6,3,1,6.0,,,,4.288546465959664,
2024-03-04,4.0,,,0,3,0,9.0,,,,2.4583929933523225,
2024-03-05,9.0,,,1,3,0,4.0,,,,4.288546465959664,
2024-03-06,4.0,,,2,3,0,9.0,,,,2.4583929933523225,
2024-03-07,4.0,6.714285714285714,,3,3,0,4.0,,6.714285714285714,2.927700218845599,2.4583929933523225,
2024-03-08,8.0,6.285714285714286,,4,3,1,4.0,11.0,6.285714285714286,2.360387377408329,3.9684305052156463,-0.9149797522522589
2024-03-09,13.0,7.285714285714286,,5,3,1,8.0,6.0,7.285714285714286,3.450327796711771,5.429882324995789,2.1610120795316177
2024-03-10,3.0,6.428571428571429,,6,3,1,13.0,9.0,6.428571428571429,3.6903993847614402,1.9905713502710312,-2.297975115688633
2024-03-11,4.0,6.428571428571429,,0,3,0,3.0,4.0,6.428571428571429,3.6903993847614402,2.4583929933523225,0.0
2024-03-12,6.0,6.0,,1,3,0,4.0,9.0,6.0,3.5118845842842457,3.268870245464171,-1.019676220495493
2024-03-13,8.0,6.571428571428571,,2,3,0,6.0,4.0,6.571428571428571,3.457221565416505,3.9684305052156463,1.5100375118633238
2024-03-14,11.0,7.571428571428571,,3,3,0,8.0,4.0,7.571428571428571,3.598941643369749,4.883410257467905,2.4250172641155827
2024-03-15,2.0,6.714285714285714,,4,3,1,11.0,8.0,6.714285714285714,4.15187851918806,1.4587436715173356,-2.5096868336983107
2024-03-16,6.0,5.714285714285714,,5,3,1,2.0,13.0,5.714285714285714,3.0937725468153863,3.268870245464171,-2.1610120795316177
2024-03-17,1.0,5.428571428571429,,6,3,1,6.0,3.0,5.428571428571429,3.4572215654165035,0.8265713499338843,-1.164000000337147
2024-03-18,4.0,5.428571428571429,,0,3,0,1.0,4.0,5.428571428571429,3.4572215654165035,2.4583929933523225,0.0
2024-03-19,4.0,5.142857142857143,,1,3,0,4.0,6.0,5.142857142857143,3.4846602621858462,2.4583929933523225,-0.8104772521118484
2024-03-20,5.0,4.714285714285714,,2,3,0,4.0,8.0,4.714285714285714,3.251373336211724,2.8808134117641266,-1.0876170934515197
2024-03-21,4.0,3.7142857142857144,,3,3,0,5.0,11.0,3.7142857142857144,1.7043362064926872,2.4583929933523225,-2.4250172641155827
2024-03-22,5.0,4.142857142857143,,4,3,1,4.0,2.0,4.142857142857143,1.5735915849388802,2.8808134117641266,1.422069740246791
2024-03-23,8.0,4.428571428571429,,5,3,1,5.0,6.0,4.428571428571429,2.070196678027058,3.9684305052156463,0.6995602597514754
2024-03-24,1.0,4.428571428571429,,6,3,1,8.0,1.0,4.428571428571429,2.070196678027058,0.8265713499338843,0.0
2024-03-25,5.0,4.571428571428571,,0,3,0,1.0,4.0,4.571428571428571,2.070196678027058,2.8808134117641266,0.4224204184118041
2024-03-26,11.0,5.571428571428571,,1,3,0,5.0,4.0,5.571428571428571,3.1547394428670232,4.883410257467905,2.4250172641155827
2024-03-27,7.0,5.857142857142857,,2,3,0,11.0,5.0,5.857142857142857,3.1847852585154195,3.6297474490957153,0.7489340373315887
2024-03-28,4.0,5.857142857142857,,3,3,0,7.0,4.0,5.857142857142857,3.1847852585154195,2.4583929933523225,0.0
2024-03-29,3.0,5.571428571428571,,4,3,1,4.0,5.0,5.571428571428571,3.35942171894424,1.9905713502710312,-0.8902420614930955
2024-03-30,4.0,5.0,5.8,5,3,1,3.0,8.0,5.0,3.214550253664316,2.4583929933523225,-1.5100375118633238
2024-03-31,1.0,5.0,5.466666666666667,6,3,1,4.0,1.0,5.0,3.214550253664316,0.8265713499338843,0.0
2024-04-01,6.0,5.142857142857143,5.466666666666667,0,4,0,1.0,5.0,5.142857142857143,3.236694374850746,3.268870245464171,0.3880568337000443
2024-04-02,3.0,4.0,5.266666666666667,1,4,0,6.0,11.0,4.0,1.9999999999999956,1.9905713502710312,-2.8928389071968743
2024-04-03,3.0,3.4285714285714284,5.233333333333333,2,4,0,3.0,7.0,3.4285714285714284,1.5118578920369028,1.9905713502710312,-1.6391760988246842
2024-04-04,4.0,3.4285714285714284,5.066666666666666,3,4,0,3.0,4.0,3.4285714285714284,1.5118578920369028,2.4583929933523225,0.0
2024-04-05,7.0,4.0,5.166666666666667,4,4,1,4.0,3.0,4.0,1.9999999999999953,3.6297474490957153,1.6391760988246842
2024-04-06,4.0,4.0,5.166666666666667,5,4,1,7.0,4.0,4.0,1.9999999999999953,2.4583929933523225,0.0
2024-04-07,7.0,4.857142857142857,5.133333333333334,6,4,1,4.0,1.0,4.857142857142857,1.7728105208558316,3.6297474490957153,2.8031760991618313
2024-04-08,8.0,5.142857142857143,4.966666666666667,0,4,0,7.0,6.0,5.142857142857143,2.115700942049811,3.9684305052156463,0.6995602597514754
2024-04-09,3.0,5.142857142857143,4.966666666666667,1,4,0,8.0,3.0,5.142857142857143,2.115700942049811,1.9905713502710312,0.0
2024-04-10,3.0,5.142857142857143,4.933333333333334,2,4,0,3.0,3.0,5.142857142857143,2.115700942049811,1.9905713502710312,0.0
2024-04-11,5.0,5.285714285714286,4.9,3,4,0,3.0,4.0,5.285714285714286,2.058663459163547,2.8808134117641266,0.4224204184118041
2024-04-12,2.0,4.571428571428571,4.7,4,4,1,5.0,7.0,4.571428571428571,2.2253945610567434,1.4587436715173356,-2.1710037775783797
2024-04-13,6.0,4.857142857142857,4.533333333333333,5,4,1,2.0,4.0,4.857142857142857,2.2677868380553594,3.268870245464171,0.8104772521118484
2024-04-14,9.0,5.142857142857143,4.766666666666667,6,4,1,6.0,7.0,5.142857142857143,2.6726124191242406,4.288546465959664,0.6587990168639486
2024-04-15,4.0,4.571428571428571,4.7,0,4,0,9.0,8.0,4.571428571428571,2.3704530408864044,2.4583929933523225,-1.5100375118633238
2024-04-16,7.0,5.142857142857143,4.9,1,4,0,4.0,3.0,5.142857142857143,2.410295378065475,3.6297474490957153,1.6391760988246842
2024-04-17,5.0,5.428571428571429,4.933333333333334,2,4,0,7.0,3.0,5.428571428571429,2.225394561056743,2.8808134117641266,0.8902420614930955
2024-04-18,10.0,6.142857142857143,5.133333333333334,3,4,0,5.0,5.0,6.142857142857143,2.7945525240230844,4.592831563808012,1.7120181520438855
2024-04-19,7.0,6.857142857142857,5.2,4,4,1,10.0,2.0,6.857142857142857,2.115700942049811,3.6297474490957153,2.1710037775783797
2024-04-20,12.0,7.714285714285714,5.466666666666667,5,4,1,7.0,6.0,7.714285714285714,2.811540841738189,5.1619710651340585,1.8931008196698875
2024-04-21,2.0,6.714285714285714,5.366666666666666,6,4,1,12.0,9.0,6.714285714285714,3.4503277967117683,1.4587436715173356,-2.8298027944423283
2024-04-22,3.0,6.571428571428571,5.2,0,4,0,2.0,4.0,6.571428571428571,3.5989416433697468,1.9905713502710312,-0.46782164308129137
2024-04-23,5.0,6.285714285714286,5.333333333333333,1,4,0,3.0,7.0,6.285714285714286,3.6384193323605816,2.8808134117641266,-0.7489340373315887
2024-04-24,8.0,6.714285714285714,5.433333333333334,2,4,0,5.0,5.0,6.714285714285714,3.6384193323605816,3.9684305052156463,1.0876170934515197
2024-04-25,4.0,5.857142857142857,5.2,3,4,0,8.0,10.0,5.857142857142857,3.4364987719368965,2.4583929933523225,-2.1344385704556896
2024-04-26,9.0,6.142857142857143,5.266666666666667,4,4,1,4.0,7.0,6.142857142857143,3.625307868699861,4.288546465959664,0.6587990168639486
2024-04-27,1.0,4.571428571428571,5.166666666666667,5,4,1,9.0,12.0,4.571428571428571,2.992052966172381,0.8265713499338843,-4.335399715200174
2024-04-28,5.0,5.0,5.233333333333333,6,4,1,1.0,2.0,5.0,2.7688746209726895,2.8808134117641266,1.422069740246791
2024-04-29,8.0,5.714285714285714,5.366666666666666,0,4,0,5.0,3.0,5.714285714285714,2.81154084173819,3.9684305052156463,1.9778591549446152
2024-04-30,8.0,6.142857142857143,5.6,1,4,0,8.0,5.0,6.142857142857143,2.9113897843110017,3.9684305052156463,1.0876170934515197
2024-05-01,0.0,5.0,5.4,2,5,0,8.0,8.0,5.0,3.5590260840104353,0.0,-3.9684305052156463
2024-05-02,6.0,5.285714285714286,5.5,3,5,0,0.0,4.0,5.285714285714286,3.545621041711671,3.268870245464171,0.8104772521118484
2024-05-03,2.0,4.285714285714286,5.466666666666667,4,5,1,6.0,9.0,4.285714285714286,3.3022358947782475,1.4587436715173356,-2.8298027944423283
2024-05-04,0.0,4.142857142857143,5.333333333333333,5,5,1,2.0,1.0,4.142857142857143,3.4846602621858462,0.0,-0.8265713499338843
2024-05-05,0.0,3.4285714285714284,5.1,6,5,1,0.0,5.0,3.4285714285714284,3.7796447300922704,0.0,-2.8808134117641266
2024-05-06,9.0,3.5714285714285716,5.266666666666667,0,5,0,0.0,8.0,3.5714285714285716,3.9940431835898997,4.288546465959664,0.3201159607440176
2024-05-07,9.0,3.7142857142857144,5.333333333333333,1,5,0,9.0,8.0,3.7142857142857144,4.1918287860346295,4.288546465959664,0.3201159607440176
2024-05-08,1.0,3.857142857142857,5.1,2,5,0,9.0,0.0,3.857142857142857,4.059087394500205,0.8265713499338843,0.8265713499338843
2024-05-09,9.0,4.285714285714286,5.3,3,5,0,1.0,6.0,4.285714285714286,4.461475305855887,4.288546465959664,1.019676220495493
2024-05-10,2.0,4.285714285714286,5.266666666666667,4,5,1,9.0,2.0,4.285714285714286,4.461475305855887,1.4587436715173356,0.0
2024-05-11,7.0,5.285714285714286,5.333333333333333,5,5,1,2.0,0.0,5.285714285714286,4.1115400891590355,3.6297474490957153,3.6297474490957153
2024-05-12,8.0,6.428571428571429,5.533333333333333,6,5,1,7.0,0.0,6.428571428571429,3.457221565416502,3.9684305052156463,3.9684305052156463
2024-05-13,1.0,5.285714285714286,5.366666666666666,0,5,0,8.0,9.0,5.285714285714286,3.7733400639347656,0.8265713499338843,-3.46197511602578
2024-05-14,12.0,5.714285714285714,5.466666666666667,1,5,0,1.0,9.0,5.714285714285714,4.386125310350266,5.1619710651340585,0.8734245991743945
2024-05-15,11.0,7.142857142857143,5.7,2,5,0,12.0,1.0,7.142857142857143,4.220133150686573,4.883410257467905,4.056838907534021
2024-05-16,7.0,6.857142857142857,5.7,3,5,0,11.0,9.0,6.857142857142857,4.140393356054123,3.6297474490957153,-0.6587990168639486
2024-05-17,8.0,7.714285714285714,5.8,4,5,1,7.0,2.0,7.714285714285714,3.5456210417116694,3.9684305052156463,2.5096868336983107
2024-05-18,7.0,7.714285714285714,5.7,5,5,1,8.0,7.0,7.714285714285714,3.5456210417116694,3.6297474490957153,0.0
2024-05-19,12.0,8.285714285714286,5.866666666666666,6,5,1,7.0,8.0,8.285714285714286,3.9036002917941293,5.1619710651340585,1.1935405599184121
2024-05-20,16.0,10.428571428571429,6.0,0,5,0,12.0,1.0,10.428571428571429,3.309438162646482,6.1801027635996135,5.3535314136657295
2024-05-21,5.0,9.428571428571429,6.1,1,5,0,16.0,12.0,9.428571428571429,3.7796447300922686,2.8808134117641266,-2.281157653369932
2024-05-22,11.0,9.428571428571429,6.366666666666666,2,5,0,5.0,11.0,9.428571428571429,3.7796447300922686,4.883410257467905,0.0
2024-05-23,15.0,10.571428571428571,6.7,3,5,0,11.0,7.0,10.571428571428571,4.117326918327099,5.9380793066385555,2.30833185754284
2024-05-24,7.0,10.428571428571429,6.666666666666667,4,5,1,15.0,8.0,10.428571428571429,4.237025012007945,3.6297474490957153,-0.338683056119931
2024-05-25,6.0,10.285714285714286,6.733333333333333,5,5,1,7.0,7.0,10.285714285714286,4.386125310350265,3.268870245464171,-0.3608772036315444
2024-05-26,15.0,10.714285714285714,6.933333333333334,6,5,1,6.0,12.0,10.714285714285714,4.715728494951254,5.9380793066385555,0.7761082415044971
2024-05-27,11.0,10.0,7.266666666666667,0,5,0,15.0,16.0,10.0,4.123105625617658,4.883410257467905,-1.2966925061317083
2024-05-28,10.0,10.714285714285714,7.433333333333334,1,5,0,11.0,5.0,10.714285714285714,3.4982989063393672,4.592831563808012,1.7120181520438855
2024-05-29,10.0,10.571428571428571,7.5,2,5,0,10.0,11.0,10.571428571428571,3.505098327538653,4.592831563808012,-0.2905786936598931
2024-05-30,11.0,10.0,7.6,3,5,0,10.0,15.0,10.0,2.943920288775945,4.883410257467905,-1.0546690491706503
2024-05-31,13.0,10.857142857142858,8.033333333333333,4,5,1,11.0,7.0,10.857142857142858,2.7945525240230835,5.429882324995789,1.8001348759000733
2024-06-01,10.0,11.428571428571429,8.166666666666666,5,6,1,13.0,6.0,11.428571428571429,1.9023794624226784,4.592831563808012,1.3239613183438412
2024-06-02,5.0,10.0,8.266666666666667,6,6,1,10.0,15.0,10.0,2.449489742783173,2.8808134117641266,-3.057265894874429
2024-06-03,5.0,9.142857142857142,8.433333333333334,0,6,0,5.0,11.0,9.142857142857142,3.023715784073813,2.8808134117641266,-2.0025968457037786
2024-06-04,14.0,9.714285714285714,8.9,1,6,0,5.0,10.0,9.714285714285714,3.5456210417116694,5.688271208082337,1.0954396442743253
2024-06-05,9.0,9.571428571428571,8.9,2,6,0,14.0,10.0,9.571428571428571,3.5523298860110937,4.288546465959664,-0.30428509784834823
2024-06-06,11.0,9.571428571428571,8.966666666666667,3,6,0,9.0,11.0,9.571428571428571,3.5523298860110937,4.883410257467905,0.0
2024-06-07,5.0,8.428571428571429,9.1,4,6,1,11.0,13.0,8.428571428571429,3.5523298860110937,2.8808134117641266,-2.549068913231662
2024-06-08,4.0,7.571428571428571,8.933333333333334,5,6,1,5.0,10.0,7.571428571428571,3.823486317361106,2.4583929933523225,-2.1344385704556896
2024-06-09,13.0,8.714285714285714,9.3,6,6,1,4.0,5.0,8.714285714285714,4.111540089159034,5.429882324995789,2.549068913231662
2024-06-10,6.0,8.857142857142858,9.266666666666667,0,6,0,13.0,5.0,8.857142857142858,3.976119189552016,3.268870245464171,0.3880568337000443
2024-06-11,6.0,7.714285714285714,9.2,1,6,0,6.0,14.0,7.714285714285714,3.352326839390098,3.268870245464171,-2.4194009626181665
2024-06-12,6.0,7.285714285714286,9.366666666666667,2,6,0,6.0,9.0,7.285714285714286,3.352326839390098,3.268870245464171,-1.019676220495493
2024-06-13,12.0,7.428571428571429,9.366666666666667,3,6,0,6.0,11.0,7.428571428571429,3.552329886011093,5.1619710651340585,0.2785608076661532
2024-06-14,4.0,7.285714285714286,9.133333333333333,4,6,1,12.0,5.0,7.285714285714286,3.6839419880650315,2.4583929933523225,-0.4224204184118041
2024-06-15,8.0,7.857142857142857,9.166666666666666,5,6,1,4.0,4.0,7.857142857142857,3.3876526498728357,3.9684305052156463,1.5100375118633238
2024-06-16,12.0,7.714285714285714,9.3,6,6,1,8.0,13.0,7.714285714285714,3.1471831698777675,5.1619710651340585,-0.26791125986173014
2024-06-17,10.0,8.285714285714286,9.4,0,6,0,12.0,6.0,8.285714285714286,3.147183169877768,4.592831563808012,1.3239613183438412
2024-06-18,7.0,8.428571428571429,9.233333333333333,1,6,0,10.0,6.0,8.428571428571429,3.0472470011002155,3.6297474490957153,0.3608772036315444
2024-06-19,11.0,9.142857142857142,9.066666666666666,2,6,0,7.0,6.0,9.142857142857142,2.968084198523314,4.883410257467905,1.6145400120037343
2024-06-20,6.0,8.285714285714286,9.1,3,6,0,11.0,12.0,8.285714285714286,2.8702082220799263,3.268870245464171,-1.8931008196698875
2024-06-21,12.0,9.428571428571429,9.133333333333333,4,6,1,6.0,4.0,9.428571428571429,2.439750182371328,5.1619710651340585,2.703578071781736
2024-06-22,5.0,9.0,8.8,5,6,1,12.0,8.0,9.0,2.943920288775945,2.8808134117641266,-1.0876170934515197
2024-06-23,5.0,8.0,8.733333333333333,6,6,1,5.0,12.0,8.0,2.943920288775944,2.8808134117641266,-2.281157653369932
2024-06-24,6.0,7.428571428571429,8.733333333333333,0,6,0,5.0,10.0,7.428571428571429,2.8784916685156916,3.268870245464171,-1.3239613183438412
2024-06-25,4.0,7.0,8.366666666666667,1,6,0,6.0,7.0,7.0,3.1622776601683733,2.4583929933523225,-1.1713544557433928
2024-06-26,6.0,6.285714285714286,8.2,2,6,0,4.0,11.0,6.285714285714286,2.62769136406121,3.268870245464171,-1.6145400120037343
2024-06-27,4.0,6.0,8.0,3,6,0,6.0,6.0,6.0,2.7688746209726838,2.4583929933523225,-0.8104772521118484
2024-06-28,5.0,5.0,7.833333333333333,4,6,1,4.0,12.0,5.0,0.8164965809276948,2.8808134117641266,-2.281157653369932
2024-06-29,8.0,5.428571428571429,7.733333333333333,5,6,1,5.0,5.0,5.428571428571429,1.3972762620115267,3.9684305052156463,1.0876170934515197
2024-06-30,4.0,5.285714285714286,7.433333333333334,6,6,1,8.0,5.0,5.285714285714286,1.496026483086175,2.4583929933523225,-0.4224204184118041
2024-07-01,3.0,4.857142857142857,7.2,0,7,0,4.0,6.0,4.857142857142857,1.6761634196950363,1.9905713502710312,-1.2782988951931398
2024-07-02,6.0,5.142857142857143,7.233333333333333,1,7,0,3.0,4.0,5.142857142857143,1.676163419695037,3.268870245464171,0.8104772521118484
2024-07-03,9.0,5.571428571428571,7.366666666666666,2,7,0,6.0,6.0,5.571428571428571,2.2253945610567367,4.288546465959664,1.019676220495493
2024-07-04,2.0,5.285714285714286,6.966666666666667,3,7,0,9.0,4.0,5.285714285714286,2.5634797778466134,1.4587436715173356,-0.9996493218349869
2024-07-05,10.0,6.0,7.0,4,7,1,2.0,5.0,6.0,3.109126351029598,4.592831563808012,1.7120181520438855
2024-07-06,5.0,5.571428571428571,6.8,5,7,1,10.0,8.0,5.571428571428571,2.9920529661723747,2.8808134117641266,-1.0876170934515197
2024-07-07,11.0,6.571428571428571,7.0,6,7,1,5.0,4.0,6.571428571428571,3.5050983275386502,4.883410257467905,2.4250172641155827
2024-07-08,5.0,6.857142857142857,7.033333333333333,0,7,0,11.0,3.0,6.857142857142857,3.2366943748507424,2.8808134117641266,0.8902420614930955
2024-07-09,5.0,6.714285714285714,6.766666666666667,1,7,0,5.0,6.0,6.714285714285714,3.302235894778243,2.8808134117641266,-0.3880568337000443
2024-07-10,3.0,5.857142857142857,6.666666666666667,2,7,0,5.0,9.0,5.857142857142857,3.387652649872833,1.9905713502710312,-2.297975115688633
2024-07-11,4.0,6.142857142857143,6.6,3,7,0,3.0,2.0,6.142857142857143,3.0783421635988466,2.4583929933523225,0.9996493218349869
2024-07-12,5.0,5.428571428571429,6.566666666666666,4,7,1,4.0,10.0,5.428571428571429,2.5727509827123898,2.8808134117641266,-1.7120181520438855
2024-07-13,2.0,5.0,6.233333333333333,5,7,1,5.0,5.0,5.0,2.886751345948119,1.4587436715173356,-1.422069740246791
2024-07-14,6.0,4.285714285714286,6.3,6,7,1,2.0,11.0,4.285714285714286,1.3801311186846863,3.268870245464171,-1.6145400120037343
2024-07-15,1.0,3.7142857142857144,6.066666666666666,0,7,0,6.0,5.0,3.7142857142857144,1.7994708216848567,0.8265713499338843,-2.0542420618302426
2024-07-16,2.0,3.2857142857142856,5.733333333333333,1,7,0,1.0,5.0,3.2857142857142856,1.7994708216848558,1.4587436715173356,-1.422069740246791
2024-07-17,1.0,3.0,5.433333333333334,2,7,0,2.0,3.0,3.0,1.9999999999999825,0.8265713499338843,-1.164000000337147
2024-07-18,11.0,4.0,5.566666666666666,3,7,0,1.0,4.0,4.0,3.651483716701099,4.883410257467905,2.4250172641155827
2024-07-19,8.0,4.428571428571429,5.466666666666667,4,7,1,11.0,5.0,4.428571428571429,3.9520940802374076,3.9684305052156463,1.0876170934515197
2024-07-20,7.0,5.142857142857143,5.5,5,7,1,8.0,2.0,5.142857142857143,3.8913824205360603,3.6297474490957153,2.1710037775783797
2024-07-21,4.0,4.857142857142857,5.233333333333333,6,7,1,7.0,6.0,4.857142857142857,3.8913824205360603,2.4583929933523225,-0.8104772521118484
2024-07-22,4.0,5.285714285714286,5.2,0,7,0,4.0,1.0,5.285714285714286,3.545621041711666,2.4583929933523225,1.6318216434184383
2024-07-23,12.0,6.714285714285714,5.433333333333334,1,7,0,4.0,2.0,6.714285714285714,3.9880774697543,5.1619710651340585,3.703227393616723
2024-07-24,12.0,8.285714285714286,5.633333333333334,2,7,0,12.0,1.0,8.285714285714286,3.498298906339366,5.1619710651340585,4.335399715200174
2024-07-25,10.0,8.142857142857142,5.833333333333333,3,7,0,12.0,11.0,8.142857142857142,3.3876526498728348,4.592831563808012,-0.2905786936598931
2024-07-26,16.0,9.285714285714286,6.166666666666667,4,7,1,10.0,8.0,9.285714285714286,4.498677054212184,6.1801027635996135,2.211672258383967
2024-07-27,13.0,10.142857142857142,6.466666666666667,5,7,1,16.0,7.0,10.142857142857142,4.561745697594703,5.429882324995789,1.8001348759000733
2024-07-28,3.0,10.0,6.4,6,7,1,13.0,4.0,10.0,4.7958315233127164,1.9905713502710312,-0.46782164308129137
2024-07-29,11.0,11.0,6.5,0,7,0,3.0,4.0,11.0,3.999999999999997,4.883410257467905,2.4250172641155827
2024-07-30,24.0,12.714285714285714,7.166666666666667,1,7,0,11.0,12.0,12.714285714285714,6.3695705170308425,7.9016453806715665,2.739674315537508
2024-07-31,22.0,14.142857142857142,7.8,2,7,0,24.0,12.0,14.142857142857142,7.244045173533256,7.501172555056231,2.3392014899221723
2024-08-01,12.0,14.428571428571429,8.0,3,8,0,22.0,10.0,14.428571428571429,7.091242083423346,5.1619710651340585,0.5691395013260463
2024-08-02,5.0,12.857142857142858,7.866666666666666,4,8,1,12.0,16.0,12.857142857142858,7.861903319777201,2.8808134117641266,-3.299289351835487
2024-08-03,13.0,12.857142857142858,8.233333333333333,5,8,1,5.0,13.0,12.857142857142858,7.861903319777201,5.429882324995789,0.0
2024-08-04,6.0,13.285714285714286,8.1,6,8,1,13.0,3.0,13.285714285714286,7.296444013222825,3.268870245464171,1.2782988951931398
2024-08-05,13.0,13.571428571428571,8.366666666666667,0,8,0,6.0,11.0,13.571428571428571,7.230886134196434,5.429882324995789,0.5464720675278834
2024-08-06,8.0,11.285714285714286,8.266666666666667,1,8,0,13.0,24.0,11.285714285714286,5.76524893114731,3.9684305052156463,-3.93321487545592
2024-08-07,10.0,9.571428571428571,8.433333333333334,2,8,0,8.0,22.0,9.571428571428571,3.3094381626464804,4.592831563808012,-2.9083409912482185
2024-08-08,8.0,9.0,8.533333333333333,3,8,0,10.0,12.0,9.0,3.1622776601683724,3.9684305052156463,-1.1935405599184121
2024-08-09,8.0,9.428571428571429,8.7,4,8,1,8.0,5.0,9.428571428571429,2.6992062325273043,3.9684305052156463,1.0876170934515197
2024-08-10,11.0,9.142857142857142,8.933333333333334,5,8,1,8.0,13.0,9.142857142857142,2.3401261667248696,4.883410257467905,-0.5464720675278834
2024-08-11,15.0,10.428571428571429,9.266666666666667,6,8,1,11.0,6.0,10.428571428571429,2.760262237369409,5.9380793066385555,2.6692090611743846
2024-08-12,13.0,10.428571428571429,9.633333333333333,0,8,0,15.0,13.0,10.428571428571429,2.760262237369409,5.429882324995789,0.0
2024-08-13,13.0,11.142857142857142,9.866666666666667,1,8,0,13.0,8.0,11.142857142857142,2.6726124191242357,5.429882324995789,1.4614518197801423
2024-08-14,13.0,11.571428571428571,10.266666666666667,2,8,0,13.0,10.0,11.571428571428571,2.6992062325273034,5.429882324995789,0.8370507611877764
2024-08-15,16.0,12.714285714285714,10.733333333333333,3,8,0,13.0,8.0,12.714285714285714,2.6276913640612087,6.1801027635996135,2.211672258383967
2024-08-16,5.0,12.285714285714286,10.866666666666667,4,8,1,16.0,8.0,12.285714285714286,3.5923198500080495,2.8808134117641266,-1.0876170934515197
2024-08-17,11.0,12.285714285714286,10.866666666666667,5,8,1,5.0,11.0,12.285714285714286,3.5923198500080495,4.883410257467905,0.0
2024-08-18,10.0,11.571428571428571,10.933333333333334,6,8,1,11.0,15.0,11.571428571428571,3.4572215654164986,4.592831563808012,-1.3452477428305434
2024-08-19,4.0,10.285714285714286,10.833333333333334,0,8,0,10.0,13.0,10.285714285714286,4.386125310350263,2.4583929933523225,-2.971489331643466
2024-08-20,13.0,10.285714285714286,11.133333333333333,1,8,0,4.0,13.0,10.285714285714286,4.386125310350263,5.429882324995789,0.0
2024-08-21,7.0,9.428571428571429,11.233333333333333,2,8,0,13.0,13.0,9.428571428571429,4.353433237386431,3.6297474490957153,-1.8001348759000733
2024-08-22,7.0,8.142857142857142,11.066666666666666,3,8,0,7.0,16.0,8.142857142857142,3.2877840272018712,3.6297474490957153,-2.550355314503898
2024-08-23,13.0,9.285714285714286,11.1,4,8,1,7.0,5.0,9.285714285714286,3.4016802570830373,5.429882324995789,2.549068913231662
2024-08-24,6.0,8.571428571428571,10.966666666666667,5,8,1,13.0,11.0,8.571428571428571,3.505098327538649,3.268870245464171,-1.6145400120037343
2024-08-25,6.0,8.0,10.633333333333333,6,8,1,6.0,10.0,8.0,3.559026084010429,3.268870245464171,-1.3239613183438412
2024-08-26,11.0,9.0,10.566666666666666,0,8,0,6.0,4.0,9.0,3.2145502536643105,4.883410257467905,2.4250172641155827
2024-08-27,1.0,7.285714285714286,10.5,1,8,0,11.0,13.0,7.285714285714286,3.8606685826112876,0.8265713499338843,-4.603310975061905
2024-08-28,4.0,6.857142857142857,10.266666666666667,2,8,0,1.0,7.0,6.857142857142857,4.0590873945001995,2.4583929933523225,-1.1713544557433928
2024-08-29,1.0,6.0,9.5,3,8,0,4.0,7.0,6.0,4.6188021535170005,0.8265713499338843,-2.8031760991618313
2024-08-30,3.0,4.571428571428571,8.866666666666667,4,8,1,1.0,13.0,4.571428571428571,3.505098327538648,1.9905713502710312,-3.4393109747247577
2024-08-31,6.0,4.571428571428571,8.666666666666666,5,8,1,3.0,6.0,4.571428571428571,3.505098327538648,3.268870245464171,0.0
2024-09-01,10.0,5.142857142857143,8.833333333333334,6,9,1,6.0,6.0,5.142857142857143,4.0590873945001995,4.592831563808012,1.3239613183438412
2024-09-02,8.0,4.714285714285714,8.666666666666666,0,9,0,10.0,11.0,4.714285714285714,3.450327796711763,3.9684305052156463,-0.9149797522522589
2024-09-03,17.0,7.0,9.033333333333333,1,9,0,8.0,1.0,7.0,5.354126134736332,6.415021892985538,5.588450543051654
2024-09-04,10.0,7.857142857142857,8.933333333333334,2,9,0,17.0,4.0,7.857142857142857,5.273473599964616,4.592831563808012,2.1344385704556896
2024-09-05,14.0,9.714285714285714,9.133333333333333,3,9,0,10.0,1.0,9.714285714285714,4.715728494951252,5.688271208082337,4.861699858148453
2024-09-06,10.0,10.714285714285714,9.133333333333333,4,9,1,14.0,3.0,10.714285714285714,3.683941988065031,4.592831563808012,2.6022602135369812
2024-09-07,22.0,13.0,9.6,5,9,1,10.0,6.0,13.0,4.9999999999999964,7.501172555056231,4.232302309592059
2024-09-08,6.0,12.428571428571429,9.533333333333333,6,9,1,22.0,10.0,12.428571428571429,5.593363414414823,3.268870245464171,-1.3239613183438412
2024-09-09,17.0,13.714285714285714,9.733333333333333,0,9,0,6.0,8.0,13.714285714285714,5.437961803049792,6.415021892985538,2.446591387769892
2024-09-10,10.0,12.714285714285714,9.566666666666666,1,9,0,17.0,17.0,12.714285714285714,5.376314900074387,4.592831563808012,-1.822190329177526
2024-09-11,8.0,12.428571428571429,9.4,2,9,0,10.0,10.0,12.428571428571429,5.593363414414823,3.9684305052156463,-0.6244010585923658
2024-09-12,12.0,12.142857142857142,9.366666666666667,3,9,0,8.0,14.0,12.142857142857142,5.550632739564362,5.1619710651340585,-0.526300142948279
2024-09-13,6.0,11.571428571428571,9.133333333333333,4,9,1,12.0,10.0,11.571428571428571,5.996030432909837,3.268870245464171,-1.3239613183438412
2024-09-14,2.0,8.714285714285714,8.666666666666666,5,9,1,6.0,22.0,8.714285714285714,4.855041562276121,1.4587436715173356,-6.042428883538895
2024-09-15,6.0,8.714285714285714,8.7,6,9,1,2.0,6.0,8.714285714285714,4.855041562276121,3.268870245464171,0.0
2024-09-16,11.0,7.857142857142857,8.7,0,9,0,6.0,17.0,7.857142857142857,3.4846602621858462,4.883410257467905,-1.531611635517633
2024-09-17,23.0,9.714285714285714,9.133333333333333,1,9,0,11.0,10.0,9.714285714285714,6.750661343263232,7.703520982647071,3.1106894188390593
2024-09-18,4.0,9.142857142857142,9.133333333333333,2,9,0,23.0,8.0,9.142857142857142,7.0811621322249865,2.4583929933523225,-1.5100375118633238
2024-09-19,6.0,8.285714285714286,8.9,3,9,0,4.0,12.0,8.285714285714286,7.040698017343774,3.268870245464171,-1.8931008196698875
2024-09-20,7.0,8.428571428571429,8.9,4,9,1,6.0,6.0,8.428571428571429,6.996597812678741,3.6297474490957153,0.3608772036315444
2024-09-21,15.0,10.285714285714286,9.166666666666666,5,9,1,7.0,2.0,10.285714285714286,6.725927091345491,5.9380793066385555,4.47933563512122
2024-09-22,24.0,12.857142857142858,9.533333333333333,6,9,1,15.0,6.0,12.857142857142858,8.112306935115546,7.9016453806715665,4.632775135207396
2024-09-23,10.0,12.714285714285714,9.666666666666666,0,9,0,24.0,11.0,12.714285714285714,8.159131606453505,4.592831563808012,-0.2905786936598931
2024-09-24,15.0,11.571428571428571,9.966666666666667,1,9,0,10.0,23.0,11.571428571428571,6.948792289723032,5.9380793066385555,-1.7654416760085159
2024-09-25,10.0,12.428571428571429,9.933333333333334,2,9,0,15.0,4.0,12.428571428571429,6.187545093630773,4.592831563808012,2.1344385704556896
2024-09-26,9.0,12.857142857142858,10.2,3,9,0,10.0,6.0,12.857142857142858,5.756983337031393,4.288546465959664,1.019676220495493
2024-09-27,16.0,14.142857142857142,10.6,4,9,1,9.0,7.0,14.142857142857142,5.209880722517274,6.1801027635996135,2.550355314503898
2024-09-28,11.0,13.571428571428571,10.933333333333334,5,9,1,16.0,15.0,13.571428571428571,5.318431562567507,4.883410257467905,-1.0546690491706503
2024-09-29,11.0,11.714285714285714,11.2,6,9,1,11.0,24.0,11.714285714285714,2.6903708365381918,4.883410257467905,-3.0182351232036613
2024-09-30,14.0,12.285714285714286,11.466666666666667,0,9,0,11.0,10.0,12.285714285714286,2.6903708365381913,5.688271208082337,1.0954396442743253
2024-10-01,15.0,12.285714285714286,11.633333333333333,1,10,0,14.0,15.0,12.285714285714286,2.6903708365381913,5.9380793066385555,0.0
2024-10-02,11.0,12.428571428571429,11.733333333333333,2,10,0,15.0,10.0,12.428571428571429,2.5727509827123933,4.883410257467905,0.2905786936598931
2024-10-03,8.0,12.285714285714286,11.433333333333334,3,10,0,11.0,9.0,12.285714285714286,2.8115408417381866,3.9684305052156463,-0.3201159607440176
2024-10-04,9.0,11.285714285714286,11.4,4,10,1,8.0,16.0,11.285714285714286,2.4976179127511093,4.288546465959664,-1.8915562976399496
2024-10-05,6.0,10.571428571428571,11.133333333333333,5,10,1,9.0,11.0,10.571428571428571,3.207134902949088,3.268870245464171,-1.6145400120037343
2024-10-06,20.0,11.857142857142858,11.466666666666667,6,10,1,6.0,11.0,11.857142857142858,4.810702354423635,7.082651953893112,2.199241696425207
2024-10-07,12.0,11.571428571428571,11.133333333333333,0,10,0,20.0,14.0,11.571428571428571,4.720774754816655,5.1619710651340585,-0.526300142948279
2024-10-08,18.0,12.0,11.533333333333333,1,10,0,12.0,15.0,12.0,5.1961524227066285,6.643423470559221,0.7053441639206657
2024-10-09,12.0,12.142857142857142,11.366666666666667,2,10,0,18.0,11.0,12.142857142857142,5.177791402666177,5.1619710651340585,0.2785608076661532
2024-10-10,15.0,13.142857142857142,11.533333333333333,3,10,0,12.0,8.0,13.142857142857142,4.913538149119951,5.9380793066385555,1.9696488014229092
2024-10-11,26.0,15.571428571428571,12.133333333333333,4,10,1,15.0,9.0,15.571428571428571,6.477065767180455,8.286206222924251,3.9976597569645875
2024-10-12,7.0,15.714285714285714,11.966666666666667,5,10,1,26.0,6.0,15.714285714285714,6.237368187365716,3.6297474490957153,0.3608772036315444
2024-10-13,9.0,14.142857142857142,12.066666666666666,6,10,1,7.0,20.0,14.142857142857142,6.362090102803516,4.288546465959664,-2.7941054879334484
2024-10-14,16.0,14.714285714285714,12.533333333333333,0,10,0,9.0,12.0,14.714285714285714,6.317021600783226,6.1801027635996135,1.018131698465555
2024-10-15,18.0,14.714285714285714,12.933333333333334,1,10,0,16.0,18.0,14.714285714285714,6.317021600783226,6.643423470559221,0.0
2024-10-16,14.0,15.0,13.033333333333333,2,10,0,18.0,12.0,15.0,6.218252702059208,5.688271208082337,0.526300142948279
2024-10-17,21.0,15.857142857142858,12.966666666666667,3,10,0,14.0,15.0,15.857142857142858,6.6188763252929705,7.294320252976078,1.3562409463375227
2024-10-18,15.0,14.285714285714286,13.333333333333334,4,10,1,21.0,26.0,14.285714285714286,4.889249625940762,5.9380793066385555,-2.348126916285696
2024-10-19,9.0,14.571428571428571,13.433333333333334,5,10,1,15.0,7.0,14.571428571428571,4.429339411136563,4.288546465959664,0.6587990168639486
2024-10-20,16.0,15.571428571428571,13.733333333333333,6,10,1,9.0,9.0,15.571428571428571,3.6903993847614367,6.1801027635996135,1.8915562976399496
2024-10-21,19.0,16.0,13.866666666666667,0,10,0,16.0,16.0,16.0,3.9157800414902395,6.865817796380648,0.6857150327810349
2024-10-22,9.0,14.714285714285714,13.366666666666667,1,10,0,19.0,18.0,14.714285714285714,4.57217255850672,4.288546465959664,-2.3548770045995573
2024-10-23,13.0,14.571428571428571,13.466666666666667,2,10,0,9.0,14.0,14.571428571428571,4.61364436055861,5.429882324995789,-0.25838888308654884
2024-10-24,15.0,13.714285714285714,13.466666666666667,3,10,0,13.0,21.0,13.714285714285714,3.6839419880650346,5.9380793066385555,-1.3562409463375227
2024-10-25,15.0,13.714285714285714,13.633333333333333,4,10,1,15.0,15.0,13.714285714285714,3.6839419880650346,5.9380793066385555,0.0
2024-10-26,16.0,14.714285714285714,13.866666666666667,5,10,1,15.0,9.0,14.714285714285714,3.0937725468153845,6.1801027635996135,1.8915562976399496
2024-10-27,5.0,13.142857142857142,13.5,6,10,1,16.0,16.0,13.142857142857142,4.705619740571601,2.8808134117641266,-3.299289351835487
2024-10-28,18.0,13.0,13.733333333333333,0,10,0,5.0,19.0,13.0,4.509249752822894,6.643423470559221,-0.22239432582142715
2024-10-29,18.0,14.285714285714286,13.966666666666667,1,10,0,18.0,9.0,14.285714285714286,4.461475305855888,6.643423470559221,2.3548770045995573
2024-10-30,16.0,14.714285714285714,14.033333333333333,2,10,0,18.0,13.0,14.714285714285714,4.461475305855887,6.1801027635996135,0.7502204386038249
2024-10-31,5.0,13.285714285714286,13.7,3,10,0,16.0,15.0,13.285714285714286,5.765248931147313,2.8808134117641266,-3.057265894874429
2024-11-01,7.0,12.142857142857142,13.566666666666666,4,11,1,5.0,15.0,12.142857142857142,6.148944934663492,3.6297474490957153,-2.30833185754284
2024-11-02,9.0,11.142857142857142,13.6,5,11,1,7.0,16.0,11.142857142857142,5.984105932344767,4.288546465959664,-1.8915562976399496
2024-11-03,13.0,12.285714285714286,13.733333333333333,6,11,1,9.0,5.0,12.285714285714286,5.345224838248489,5.429882324995789,2.549068913231662
2024-11-04,7.0,10.714285714285714,13.766666666666667,0,11,0,13.0,18.0,10.714285714285714,4.990467102863412,3.6297474490957153,-3.013676021463506
2024-11-05,17.0,10.571428571428571,13.666666666666666,1,11,0,7.0,18.0,10.571428571428571,4.755948656056712,6.415021892985538,-0.22840157757368296
2024-11-06,8.0,9.428571428571429,13.533333333333333,2,11,0,17.0,16.0,9.428571428571429,4.157609203101504,3.9684305052156463,-2.211672258383967
2024-11-07,7.0,9.714285714285714,13.166666666666666,3,11,0,8.0,5.0,9.714285714285714,3.8606685826112996,3.6297474490957153,0.7489340373315887
2024-11-08,12.0,10.428571428571429,13.166666666666666,4,11,1,7.0,7.0,10.428571428571429,3.735288603626362,5.1619710651340585,1.5322236160383431
2024-11-09,17.0,11.571428571428571,13.233333333333333,5,11,1,12.0,9.0,11.571428571428571,4.3915503282684,6.415021892985538,2.1264754270258743
2024-11-10,6.0,10.571428571428571,12.566666666666666,6,11,1,17.0,13.0,10.571428571428571,4.790864322059327,3.268870245464171,-2.1610120795316177
2024-11-11,10.0,11.0,12.666666666666666,0,11,0,6.0,7.0,11.0,4.5460605656619535,4.592831563808012,0.9630841147122968
2024-11-12,9.0,9.857142857142858,12.666666666666666,1,11,0,10.0,17.0,9.857142857142858,3.716116764786037,4.288546465959664,-2.1264754270258743
2024-11-13,6.0,9.571428571428571,12.333333333333334,2,11,0,9.0,8.0,9.571428571428571,3.9520940802374196,3.268870245464171,-0.6995602597514754
2024-11-14,14.0,10.571428571428571,12.2,3,11,0,6.0,7.0,10.571428571428571,4.076646614442763,5.688271208082337,2.058523758986622
2024-11-15,11.0,10.428571428571429,12.1,4,11,1,14.0,12.0,10.428571428571429,4.0355562548072985,4.883410257467905,-0.2785608076661532
2024-11-16,13.0,9.857142857142858,11.833333333333334,5,11,1,11.0,17.0,9.857142857142858,3.1320159337915006,5.429882324995789,-0.9851395679897497
2024-11-17,9.0,10.285714285714286,11.633333333333333,6,11,1,13.0,6.0,10.285714285714286,2.690370836538202,4.288546465959664,1.019676220495493
2024-11-18,6.0,9.714285714285714,11.533333333333333,0,11,0,9.0,10.0,9.714285714285714,3.1471831698777786,3.268870245464171,-1.3239613183438412
2024-11-19,11.0,10.0,11.366666666666667,1,11,0,6.0,9.0,10.0,3.1622776601683844,4.883410257467905,0.5948637915082413
2024-11-20,4.0,9.714285714285714,10.866666666666667,2,11,0,11.0,6.0,9.714285714285714,3.638419332360589,2.4583929933523225,-0.8104772521118484
2024-11-21,8.0,8.857142857142858,10.833333333333334,3,11,0,4.0,14.0,8.857142857142858,3.1320159337915032,3.9684305052156463,-1.719840702866691
2024-11-22,6.0,8.142857142857142,10.6,4,11,1,8.0,11.0,8.142857142857142,3.1320159337915054,3.268870245464171,-1.6145400120037343
2024-11-23,8.0,7.428571428571429,10.366666666666667,5,11,1,6.0,13.0,7.428571428571429,2.2990681342044574,3.9684305052156463,-1.4614518197801423
2024-11-24,1.0,6.285714285714286,9.9,6,11,1,8.0,9.0,6.285714285714286,3.199702367110938,0.8265713499338843,-3.46197511602578
2024-11-25,11.0,7.0,9.733333333333333,0,11,0,1.0,6.0,7.0,3.6514837167011196,4.883410257467905,1.6145400120037343
2024-11-26,10.0,6.857142857142857,9.9,1,11,0,11.0,11.0,6.857142857142857,3.484660262185861,4.592831563808012,-0.2905786936598931
2024-11-27,0.0,6.285714285714286,9.3,2,11,0,10.0,4.0,6.285714285714286,4.2706082983686695,0.0,-2.4583929933523225
2024-11-28,6.0,6.0,8.9,3,11,0,0.0,8.0,6.0,4.203173404306177,3.268870245464171,-0.6995602597514754
2024-11-29,7.0,6.142857142857143,8.6,4,11,1,6.0,6.0,6.142857142857143,4.220133150686588,3.6297474490957153,0.3608772036315444
2024-11-30,6.0,5.857142857142857,8.633333333333333,5,11,1,7.0,8.0,5.857142857142857,4.140393356054139,3.268870245464171,-0.6995602597514754
2024-12-01,14.0,7.714285714285714,8.866666666666667,6,12,1,6.0,1.0,7.714285714285714,4.498677054212195,5.688271208082337,4.861699858148453
2024-12-02,9.0,7.428571428571429,8.866666666666667,0,12,0,14.0,11.0,7.428571428571429,4.314979445958891,4.288546465959664,-0.5948637915082413
2024-12-03,13.0,7.857142857142857,8.866666666666667,1,12,0,9.0,10.0,7.857142857142857,4.740906081772824,5.429882324995789,0.8370507611877764
2024-12-04,10.0,9.285714285714286,8.966666666666667,2,12,0,13.0,0.0,9.285714285714286,3.251373336211734,4.592831563808012,4.592831563808012
2024-12-05,9.0,9.714285714285714,8.7,3,12,0,10.0,6.0,9.714285714285714,2.9277002188456063,4.288546465959664,1.019676220495493
2024-12-06,4.0,9.285714285714286,8.566666666666666,4,12,1,9.0,7.0,9.285714285714286,3.5456210417116805,2.4583929933523225,-1.1713544557433928
2024-12-07,6.0,9.285714285714286,8.533333333333333,5,12,1,4.0,6.0,9.285714285714286,3.5456210417116805,3.268870245464171,0.0
2024-12-08,11.0,8.857142857142858,8.5,6,12,1,6.0,14.0,8.857142857142858,3.0237157840738274,4.883410257467905,-0.8048609506144322
2024-12-09,5.0,8.285714285714286,8.1,0,12,0,11.0,9.0,8.285714285714286,3.352326839390113,2.8808134117641266,-1.4077330541955373
2024-12-10,2.0,6.714285714285714,7.966666666666667,1,12,0,5.0,13.0,6.714285714285714,3.3523268393901176,1.4587436715173356,-3.971138653478453
2024-12-11,7.0,6.285714285714286,7.866666666666666,2,12,0,2.0,10.0,6.285714285714286,3.0394235042348643,3.6297474490957153,-0.9630841147122968
2024-12-12,7.0,6.0,7.8,3,12,0,7.0,9.0,6.0,2.8284271247462094,3.6297474490957153,-0.6587990168639486
2024-12-13,8.0,6.571428571428571,7.866666666666666,4,12,1,7.0,4.0,6.571428571428571,2.7602622373694348,3.9684305052156463,1.5100375118633238
2024-12-14,11.0,7.285714285714286,7.766666666666667,5,12,1,8.0,6.0,7.285714285714286,3.1997023671109357,4.883410257467905,1.6145400120037343
2024-12-15,3.0,6.142857142857143,7.5,6,12,1,11.0,11.0,6.142857142857143,3.078342163598872,1.9905713502710312,-2.8928389071968743
2024-12-16,8.0,6.571428571428571,7.333333333333333,0,12,0,3.0,5.0,6.571428571428571,3.101458950082641,3.9684305052156463,1.0876170934515197
2024-12-17,7.0,7.285714285714286,7.266666666666667,1,12,0,8.0,2.0,7.285714285714286,2.360387377408348,3.6297474490957153,2.1710037775783797
2024-12-18,4.0,6.857142857142857,7.2,2,12,0,7.0,7.0,6.857142857142857,2.6726124191242615,2.4583929933523225,-1.1713544557433928
2024-12-19,10.0,7.285714285714286,7.166666666666667,3,12,0,4.0,7.0,7.285714285714286,2.9277002188456147,4.592831563808012,0.9630841147122968
2024-12-20,9.0,7.428571428571429,7.333333333333333,4,12,1,10.0,8.0,7.428571428571429,2.992052966172397,4.288546465959664,0.3201159607440176
2024-12-21,15.0,8.0,7.566666666666666,5,12,1,9.0,11.0,8.0,4.000000000000009,5.9380793066385555,1.0546690491706503
2024-12-22,7.0,8.571428571428571,7.6,6,12,1,15.0,3.0,8.571428571428571,3.4086724129853954,3.6297474490957153,1.6391760988246842
2024-12-23,10.0,8.857142857142858,7.666666666666667,0,12,0,7.0,8.0,8.857142857142858,3.4364987719369062,4.592831563808012,0.6244010585923658
2024-12-24,7.0,8.857142857142858,7.866666666666666,1,12,0,10.0,7.0,8.857142857142858,3.4364987719369062,3.6297474490957153,0.0
2024-12-25,12.0,10.0,7.9,2,12,0,7.0,4.0,10.0,2.828427124746195,5.1619710651340585,2.703578071781736
2024-12-26,2.0,8.857142857142858,7.633333333333334,3,12,0,12.0,10.0,8.857142857142858,4.140393356054132,1.4587436715173356,-3.1340878922906765
2024-12-27,8.0,8.714285714285714,7.9,4,12,1,2.0,9.0,8.714285714285714,4.151878519188068,3.9684305052156463,-0.3201159607440176
2024-12-28,8.0,7.714285714285714,7.966666666666667,5,12,1,8.0,15.0,7.714285714285714,3.0937725468154023,3.9684305052156463,-1.9696488014229092
2024-12-29,8.0,7.857142857142857,8.0,6,12,1,8.0,7.0,7.857142857142857,3.0783421635988684,3.9684305052156463,0.338683056119931
2024-12-30,9.0,7.714285714285714,8.1,0,12,0,8.0,10.0,7.714285714285714,2.984084768360643,4.288546465959664,-0.30428509784834823
2024-12-31,16.0,9.0,8.166666666666666,1,12,0,9.0,7.0,9.0,4.281744192888382,6.1801027635996135,2.550355314503898
2025-01-01,0.0,7.285714285714286,7.866666666666666,2,1,0,16.0,12.0,7.285714285714286,5.186980037050653,0.0,-5.1619710651340585
2025-01-02,9.0,8.285714285714286,7.733333333333333,3,1,0,0.0,2.0,8.285714285714286,4.644505202002539,4.288546465959664,2.8298027944423283
2025-01-03,7.0,8.142857142857142,7.633333333333334,4,1,1,9.0,8.0,8.142857142857142,4.670066788550661,3.6297474490957153,-0.338683056119931
2025-01-04,10.0,8.428571428571429,7.666666666666667,5,1,1,7.0,8.0,8.428571428571429,4.720774754816666,4.592831563808012,0.6244010585923658
2025-01-05,3.0,7.714285714285714,7.633333333333334,6,1,1,10.0,8.0,7.714285714285714,5.154748157905356,1.9905713502710312,-1.9778591549446152
2025-01-06,1.0,6.571428571428571,7.466666666666667,0,1,0,3.0,9.0,6.571428571428571,5.68205194324325,0.8265713499338843,-3.46197511602578
2025-01-07,3.0,4.714285714285714,7.2,1,1,0,1.0,16.0,4.714285714285714,3.946064947695201,1.9905713502710312,-4.189531413328583
2025-01-08,4.0,5.285714285714286,7.166666666666667,2,1,0,3.0,0.0,5.285714285714286,3.4016802570830666,2.4583929933523225,2.4583929933523225
2025-01-09,9.0,5.285714285714286,7.4,3,1,0,4.0,9.0,5.285714285714286,3.4016802570830666,4.288546465959664,0.0
2025-01-10,5.0,5.0,7.333333333333333,4,1,1,9.0,7.0,5.0,3.3166247903554233,2.8808134117641266,-0.7489340373315887
2025-01-11,15.0,5.714285714285714,7.6,5,1,1,5.0,10.0,5.714285714285714,4.785891965429437,5.9380793066385555,1.3452477428305434
2025-01-12,5.0,6.0,7.5,6,1,1,15.0,3.0,6.0,4.654746681256327,2.8808134117641266,0.8902420614930955
2025-01-13,8.0,7.0,7.4,0,1,0,5.0,1.0,7.0,4.123105625617673,3.9684305052156463,3.141859155281762
2025-01-14,8.0,7.714285714285714,7.566666666666666,1,1,0,8.0,3.0,7.714285714285714,3.728908942943229,3.9684305052156463,1.9778591549446152
2025-01-15,10.0,8.571428571428571,7.633333333333334,2,1,0,8.0,4.0,8.571428571428571,3.4086724129853962,4.592831563808012,2.1344385704556896
2025-01-16,10.0,8.714285714285714,7.733333333333333,3,1,0,10.0,9.0,8.714285714285714,3.4503277967117802,4.592831563808012,0.30428509784834823
2025-01-17,9.0,9.285714285714286,7.9,4,1,1,10.0,5.0,9.285714285714286,3.0394235042348554,4.288546465959664,1.4077330541955373
2025-01-18,4.0,7.714285714285714,7.7,5,1,1,9.0,15.0,7.714285714285714,2.3603873774083475,2.4583929933523225,-3.479686313286233
2025-01-19,0.0,7.0,7.4,6,1,1,4.0,5.0,7.0,3.6968455021364863,0.0,-2.8808134117641266
2025-01-20,10.0,7.285714285714286,7.233333333333333,0,1,0,0.0,8.0,7.285714285714286,3.860668582611307,4.592831563808012,0.6244010585923658
2025-01-21,8.0,7.285714285714286,7.266666666666667,1,1,0,10.0,8.0,7.285714285714286,3.860668582611307,3.9684305052156463,0.0
2025-01-22,7.0,6.857142857142857,7.166666666666667,2,1,0,8.0,10.0,6.857142857142857,3.67099311851583,3.6297474490957153,-0.9630841147122968
2025-01-23,0.0,5.428571428571429,6.933333333333334,3,1,0,7.0,10.0,5.428571428571429,4.157609203101516,0.0,-4.592831563808012
2025-01-24,7.0,5.142857142857143,6.766666666666667,4,1,1,0.0,9.0,5.142857142857143,3.9339789623472345,3.6297474490957153,-0.6587990168639486
2025-01-25,3.0,5.0,6.8,5,1,1,7.0,4.0,5.0,4.000000000000019,1.9905713502710312,-0.46782164308129137
2025-01-26,2.0,5.285714285714286,6.6,6,1,1,3.0,0.0,5.285714285714286,3.6384193323606038,1.4587436715173356,1.4587436715173356
2025-01-27,10.0,5.285714285714286,6.666666666666667,0,1,0,2.0,10.0,5.285714285714286,3.6384193323606038,4.592831563808012,0.0
2025-01-28,9.0,5.428571428571429,6.7,1,1,0,10.0,8.0,5.428571428571429,3.779644730092291,4.288546465959664,0.3201159607440176
2025-01-29,4.0,5.0,6.533333333333333,2,1,0,9.0,7.0,5.0,3.7416573867739618,2.4583929933523225,-1.1713544557433928
2025-01-30,9.0,6.285714285714286,6.3,3,1,0,4.0,0.0,6.285714285714286,3.2513733362117447,4.288546465959664,4.288546465959664
2025-01-31,12.0,7.0,6.7,4,1,1,9.0,7.0,7.0,3.915780041490257,5.1619710651340585,1.5322236160383431
2025-02-01,11.0,8.142857142857142,6.766666666666667,5,2,1,12.0,3.0,8.142857142857142,3.7161167647860434,4.883410257467905,2.8928389071968743
2025-02-02,7.0,8.857142857142858,6.766666666666667,6,2,1,11.0,2.0,8.857142857142858,2.6726124191242557,3.6297474490957153,2.1710037775783797
2025-02-03,25.0,11.0,7.266666666666667,0,2,0,7.0,10.0,11.0,6.708203932499369,8.095797802117348,3.5029662383093356
2025-02-04,12.0,11.428571428571429,7.566666666666666,1,2,0,25.0,9.0,11.428571428571429,6.6547512564869225,5.1619710651340585,0.8734245991743945
2025-02-05,24.0,14.285714285714286,8.333333333333334,2,2,0,12.0,4.0,14.285714285714286,7.204495950776975,7.9016453806715665,5.443252387319244
2025-02-06,12.0,14.714285714285714,8.633333333333333,3,2,0,24.0,9.0,14.714285714285714,6.921326600064603,5.1619710651340585,0.8734245991743945
2025-02-07,16.0,15.285714285714286,9.033333333333333,4,2,1,12.0,12.0,15.285714285714286,6.8243262357121,6.1801027635996135,1.018131698465555
2025-02-08,8.0,14.857142857142858,9.0,5,2,1,16.0,11.0,14.857142857142858,7.221001117771487,3.9684305052156463,-0.9149797522522589
2025-02-09,9.0,15.142857142857142,9.133333333333333,6,2,1,8.0,7.0,15.142857142857142,6.8902968351291225,4.288546465959664,0.6587990168639486
2025-02-10,21.0,14.571428571428571,9.333333333333334,0,2,0,9.0,25.0,14.571428571428571,6.051367417290703,7.294320252976078,-0.8014775491412696
2025-02-11,14.0,14.857142857142858,9.633333333333333,1,2,0,21.0,12.0,14.857142857142858,5.956189257922418,5.688271208082337,0.526300142948279
2025-02-12,18.0,14.0,9.966666666666667,2,2,0,14.0,24.0,14.0,4.725815626252603,6.643423470559221,-1.2582219101123453
2025-02-13,13.0,14.142857142857142,10.133333333333333,3,2,0,18.0,12.0,14.142857142857142,4.670066788550647,5.429882324995789,0.26791125986173014
2025-02-14,15.0,14.0,10.3,4,2,1,13.0,16.0,14.0,4.618802153517001,5.9380793066385555,-0.24202345696105798
2025-02-15,9.0,14.142857142857142,10.266666666666667,5,2,1,15.0,8.0,14.142857142857142,4.413183712037198,4.288546465959664,0.3201159607440176
2025-02-16,10.0,14.285714285714286,10.3,6,2,1,9.0,9.0,14.285714285714286,4.231401884099625,4.592831563808012,0.30428509784834823
2025-02-17,20.0,14.142857142857142,10.833333333333334,0,2,0,10.0,21.0,14.142857142857142,3.9761191895520134,7.082651953893112,-0.21166829908296592
2025-02-18,18.0,14.714285714285714,11.433333333333334,1,2,0,20.0,14.0,14.714285714285714,4.231401884099623,6.643423470559221,0.9551522624768838
2025-02-19,20.0,15.0,11.766666666666667,2,2,0,18.0,18.0,15.0,4.546060565661944,7.082651953893112,0.4392284833338911
2025-02-20,19.0,15.857142857142858,12.133333333333333,3,2,0,20.0,13.0,15.857142857142858,4.670066788550643,6.865817796380648,1.4359354713848598
2025-02-21,23.0,17.0,12.666666666666666,4,2,1,19.0,15.0,17.0,5.354126134736324,7.703520982647071,1.7654416760085159
2025-02-22,5.0,16.428571428571427,12.833333333333334,5,2,1,23.0,9.0,16.428571428571427,6.4512826336355396,2.8808134117641266,-1.4077330541955373
2025-02-23,6.0,15.857142857142858,12.8,6,2,1,5.0,10.0,15.857142857142858,7.244045173533251,3.268870245464171,-1.3239613183438412
2025-02-24,22.0,16.142857142857142,13.433333333333334,0,2,0,6.0,20.0,16.142857142857142,7.470577207252711,7.501172555056231,0.4185206011631184
2025-02-25,12.0,15.285714285714286,13.766666666666667,1,2,0,22.0,18.0,15.285714285714286,7.565586245499761,5.1619710651340585,-1.4814524054251628
2025-02-26,18.0,15.0,14.033333333333333,2,2,0,12.0,20.0,15.0,7.393691004272941,6.643423470559221,-0.4392284833338911
2025-02-27,19.0,15.0,14.366666666666667,3,2,0,18.0,19.0,15.0,7.393691004272941,6.865817796380648,0.0
2025-02-28,17.0,14.142857142857142,14.8,4,2,1,19.0,23.0,14.142857142857142,6.6188763252929705,6.415021892985538,-1.2884990896615331
2025-03-01,8.0,14.571428571428571,14.766666666666667,5,3,1,17.0,5.0,14.571428571428571,5.996030432909835,3.9684305052156463,1.0876170934515197
2025-03-02,6.0,14.571428571428571,14.566666666666666,6,3,1,8.0,6.0,14.571428571428571,5.996030432909835,3.268870245464171,0.0
2025-03-03,22.0,14.571428571428571,14.933333333333334,0,3,0,6.0,22.0,14.571428571428571,5.996030432909835,7.501172555056231,0.0
2025-03-04,16.0,15.142857142857142,15.233333333333333,1,3,0,22.0,12.0,15.142857142857142,5.899959644736882,6.1801027635996135,1.018131698465555
2025-03-05,19.0,15.285714285714286,15.033333333333333,2,3,0,16.0,18.0,15.285714285714286,5.9920582360956605,6.865817796380648,0.22239432582142715
2025-03-06,12.0,14.285714285714286,15.033333333333333,3,3,0,19.0,19.0,14.285714285714286,5.851332774513445,5.1619710651340585,-1.70384673124659
2025-03-07,17.0,14.285714285714286,14.8,4,3,1,12.0,17.0,14.285714285714286,5.851332774513445,6.415021892985538,0.0
2025-03-08,8.0,14.285714285714286,14.666666666666666,5,3,1,17.0,8.0,14.285714285714286,5.851332774513445,3.9684305052156463,0.0
2025-03-09,8.0,14.571428571428571,14.4,6,3,1,8.0,6.0,14.571428571428571,5.411627692821656,3.9684305052156463,0.6995602597514754
2025-03-10,17.0,13.857142857142858,14.7,0,3,0,8.0,22.0,13.857142857142858,4.52506248312556,6.415021892985538,-1.0861506620706924
2025-03-11,13.0,13.428571428571429,14.833333333333334,1,3,0,17.0,16.0,13.428571428571429,4.429339411136565,5.429882324995789,-0.7502204386038249
2025-03-12,17.0,13.142857142857142,14.7,2,3,0,13.0,19.0,13.142857142857142,4.0590873945002075,6.415021892985538,-0.4507959033951101
2025-03-13,12.0,13.142857142857142,14.633333333333333,3,3,0,17.0,12.0,13.142857142857142,4.0590873945002075,5.1619710651340585,0.0
2025-03-14,23.0,14.0,14.8,4,3,1,12.0,17.0,14.0,5.416025603090638,7.703520982647071,1.2884990896615331
2025-03-15,7.0,13.857142857142858,14.6,5,3,1,23.0,8.0,13.857142857142858,5.61036455822529,3.6297474490957153,-0.338683056119931
2025-03-16,5.0,13.428571428571429,14.266666666666667,6,3,1,7.0,8.0,13.428571428571429,6.214422549122936,2.8808134117641266,-1.0876170934515197
2025-03-17,13.0,12.857142857142858,14.4,0,3,0,5.0,17.0,12.857142857142858,6.011892975000233,5.429882324995789,-0.9851395679897497
2025-03-18,17.0,13.428571428571429,14.633333333333333,1,3,0,13.0,13.0,13.428571428571429,6.214422549122936,6.415021892985538,0.9851395679897497
2025-03-19,21.0,14.0,14.666666666666666,2,3,0,17.0,17.0,14.0,6.757711644237762,7.294320252976078,0.87929835999054
2025-03-20,20.0,15.142857142857142,14.733333333333333,3,3,0,21.0,12.0,15.142857142857142,7.033931367037242,7.082651953893112,1.9206808887590539
2025-03-21,20.0,14.714285714285714,14.733333333333333,4,3,1,20.0,23.0,14.714285714285714,6.550172662209894,7.082651953893112,-0.6208690287539591
2025-03-22,12.0,15.428571428571429,14.5,5,3,1,20.0,7.0,15.428571428571429,5.798193478924927,5.1619710651340585,1.5322236160383431
2025-03-23,6.0,15.571428571428571,13.933333333333334,6,3,1,12.0,5.0,15.571428571428571,5.503245795502342,3.268870245464171,0.3880568337000443
